Arc,Character
Final Selection Arc,Nezuko Kamado
Final Selection Arc,Tanjiro Kamado
Final Selection Arc,Kie Kamado
Final Selection Arc,Shigeru Kamado
Final Selection Arc,Hanako Kamado
Final Selection Arc,Takeo Kamado
Final Selection Arc,Rokuta Kamado
Final Selection Arc,Saburo
Final Selection Arc,Tanjuro Kamado
Final Selection Arc,Giyu Tomioka
Final Selection Arc,Tanjiro Kamado
Final Selection Arc,Nezuko Kamado
Final Selection Arc,Temple Demon
Final Selection Arc,Sakonji Urokodaki
Final Selection Arc,Sakonji Urokodaki
Final Selection Arc,Giyu Tomioka
Final Selection Arc,Tanjiro Kamado
Final Selection Arc,Nezuko Kamado
Final Selection Arc,Temple Demon
Final Selection Arc,Sakonji Urokodaki
Final Selection Arc,Tanjiro Kamado
Final Selection Arc,Nezuko Kamado
Final Selection Arc,Swordsman
Final Selection Arc,Tanjiro Kamado
Final Selection Arc,Sabito
Final Selection Arc,Makomo
Final Selection Arc,Sakonji Urokodaki
Final Selection Arc,Tanjiro Kamado
Final Selection Arc,Sabito
Final Selection Arc,Nezuko Kamado
Final Selection Arc,Makomo
Final Selection Arc,Scarred boy
Final Selection Arc,Blonde boy
Final Selection Arc,Girl
Final Selection Arc,Selection overseer
Final Selection Arc,Selection overseer
Final Selection Arc,Hand Demon
Final Selection Arc,Makomo
Final Selection Arc,Sabito
Final Selection Arc,Tanjiro Kamado
Final Selection Arc,Hand Demon
Final Selection Arc,Sakonji Urokodaki
Final Selection Arc,Shigeru Kamado
Final Selection Arc,Hand Demon
Final Selection Arc,Tanjiro Kamado
Final Selection Arc,Sakonji Urokodaki
Final Selection Arc,Sabito
Final Selection Arc,Makomo
Final Selection Arc,Blonde boy
Final Selection Arc,Girl
Final Selection Arc,Quarrelsome boy
Final Selection Arc,Man
Final Selection Arc,Selection overseer
Final Selection Arc,Selection overseer
Final Selection Arc,Kasugai Crows
Final Selection Arc,Sparrow
Final Selection Arc,Tanjiro Kamado
Final Selection Arc,Nezuko Kamado
Final Selection Arc,Sakonji Urokodaki
Final Selection Arc,Hotaru Haganezuka
Final Selection Arc,Matsuemon Tennoji
Final Selection Arc,Satoko
Final Selection Arc,Kazumi
Kidnapper's Bog Arc,Tanjiro Kamado
Kidnapper's Bog Arc,Sakonji Urokodaki
Kidnapper's Bog Arc,Kazumi
Kidnapper's Bog Arc,Tokie
Kidnapper's Bog Arc,Swamp Demon
Kidnapper's Bog Arc,Sakonji Urokodaki(Flashback)
Kidnapper's Bog Arc,Tanjiro Kamado
Kidnapper's Bog Arc,Nezuko Kamado
Kidnapper's Bog Arc,Muzan Kibutsuji(Vision)
Kidnapper's Bog Arc,Swamp Demon
Kidnapper's Bog Arc,Kazumi
Kidnapper's Bog Arc,Takeo Kamado(Vision)
Kidnapper's Bog Arc,Hanako Kamado(Vision)
Kidnapper's Bog Arc,Kie Kamado(Vision)
Kidnapper's Bog Arc,Rokuta Kamado(Vision)
Kidnapper's Bog Arc,Hanako Kamado(Vision)
Kidnapper's Bog Arc,Shigeru Kamado(Vision)
Kidnapper's Bog Arc,Nezuko Kamado
Kidnapper's Bog Arc,Swamp Demon
Kidnapper's Bog Arc,Tanjiro Kamado
Kidnapper's Bog Arc,Kazumi
Kidnapper's Bog Arc,Tokie
Kidnapper's Bog Arc,Sakonji Urokodaki(Vision)
Kidnapper's Bog Arc,Hotaru Haganezuka(Vision)
Kidnapper's Bog Arc,Swamp Demon
Kidnapper's Bog Arc,Muzan Kibutsuji
Kidnapper's Bog Arc,Tanjiro Kamado
Kidnapper's Bog Arc,Nezuko Kamado
Kidnapper's Bog Arc,Kazumi
Kidnapper's Bog Arc,"Muzan's ""daughter"""
Kidnapper's Bog Arc,Rei
Kidnapper's Bog Arc,Asakusa Demon
Asakusa Arc,Asakusa Demon
Asakusa Arc,Tanjiro Kamado
Asakusa Arc,"Muzan's ""daughter"""
Asakusa Arc,Muzan Kibutsuji
Asakusa Arc,Rei
Asakusa Arc,Tamayo
Asakusa Arc,Yushiro
Asakusa Arc,Susamaru
Asakusa Arc,Yahaba
Asakusa Arc,Toyo
Asakusa Arc,Nezuko Kamado
Asakusa Arc,Tanjiro Kamado
Asakusa Arc,Yushiro
Asakusa Arc,Tamayo
Asakusa Arc,Susamaru
Asakusa Arc,Yahaba
Asakusa Arc,Susamaru
Asakusa Arc,Yahaba
Asakusa Arc,Nezuko Kamado
Asakusa Arc,Tanjiro Kamado
Asakusa Arc,Tamayo
Asakusa Arc,Yushiro
Asakusa Arc,Yushiro
Asakusa Arc,Tanjiro Kamado
Asakusa Arc,Tamayo
Asakusa Arc,Yahaba
Asakusa Arc,Nezuko Kamado
Asakusa Arc,Susamaru
Asakusa Arc,Rokuta Kamado(Vision)
Asakusa Arc,Kie Kamado(Vision)
Asakusa Arc,Tanjiro Kamado
Asakusa Arc,Yahaba
Asakusa Arc,Susamaru
Asakusa Arc,Nezuko Kamado
Asakusa Arc,Yushiro
Asakusa Arc,Tamayo
Asakusa Arc,Susamaru
Asakusa Arc,Tanjiro Kamado
Asakusa Arc,Yushiro
Asakusa Arc,Tamayo
Asakusa Arc,Nezuko Kamado
Asakusa Arc,Muzan Kibutsuji(Vision)
Asakusa Arc,Hanako Kamado(Vision)
Asakusa Arc,Kie Kamado(Vision)
Asakusa Arc,Shigeru Kamado(Vision)
Asakusa Arc,Rokuta Kamado(Vision)
Asakusa Arc,Takeo Kamado(Vision)
Asakusa Arc,Zenitsu Agatsuma
Tsuzumi Mansion Arc,Tanjiro Kamado
Tsuzumi Mansion Arc,Zenitsu Agatsuma
Tsuzumi Mansion Arc,Teruko
Tsuzumi Mansion Arc,Shoichi
Tsuzumi Mansion Arc,Kiyoshi(Flashback)
Tsuzumi Mansion Arc,Kyogai
Tsuzumi Mansion Arc,Tanjiro Kamado
Tsuzumi Mansion Arc,Zenitsu Agatsuma
Tsuzumi Mansion Arc,Teruko
Tsuzumi Mansion Arc,Shoichi
Tsuzumi Mansion Arc,Kyogai
Tsuzumi Mansion Arc,Inosuke Hashibira
Tsuzumi Mansion Arc,Tanjiro Kamado
Tsuzumi Mansion Arc,Inosuke Hashibira
Tsuzumi Mansion Arc,Kyogai
Tsuzumi Mansion Arc,Teruko
Tsuzumi Mansion Arc,Kiyoshi
Tsuzumi Mansion Arc,Zenitsu Agatsuma
Tsuzumi Mansion Arc,Shoichi
Tsuzumi Mansion Arc,Tongue Demon
Tsuzumi Mansion Arc,Zenitsu Agatsuma
Tsuzumi Mansion Arc,Tongue Demon
Tsuzumi Mansion Arc,Shoichi
Tsuzumi Mansion Arc,Inosuke Hashibira
Tsuzumi Mansion Arc,Horned Demon
Tsuzumi Mansion Arc,Kyogai
Tsuzumi Mansion Arc,Kyogai
Tsuzumi Mansion Arc,Muzan Kibutsuji(Flashback)
Tsuzumi Mansion Arc,Enmu(Vision)
Tsuzumi Mansion Arc,Teruko
Tsuzumi Mansion Arc,Kiyoshi
Tsuzumi Mansion Arc,Tanjiro Kamado
Tsuzumi Mansion Arc,Kasugai Crows
Tsuzumi Mansion Arc,Horned Demon(Vision)
Tsuzumi Mansion Arc,Tongue Demon(Vision)
Tsuzumi Mansion Arc,Yushiro(Flashback)
Tsuzumi Mansion Arc,Nezuko Kamado(Flashback)
Tsuzumi Mansion Arc,Tamayo(Flashback)
Tsuzumi Mansion Arc,Zenitsu Agatsuma
Tsuzumi Mansion Arc,Sakonji Urokodaki(Vision)
Tsuzumi Mansion Arc,Tanjiro Kamado
Tsuzumi Mansion Arc,Kyogai
Tsuzumi Mansion Arc,Chachamaru
Tsuzumi Mansion Arc,Teruko
Tsuzumi Mansion Arc,Kiyoshi
Tsuzumi Mansion Arc,Inosuke Hashibira
Tsuzumi Mansion Arc,Zenitsu Agatsuma
Tsuzumi Mansion Arc,Shoichi
Tsuzumi Mansion Arc,Zenitsu Agatsuma
Tsuzumi Mansion Arc,Shoichi
Tsuzumi Mansion Arc,Inosuke Hashibira
Tsuzumi Mansion Arc,Tanjiro Kamado
Tsuzumi Mansion Arc,Teruko
Tsuzumi Mansion Arc,Kiyoshi
Tsuzumi Mansion Arc,Nezuko Kamado
Tsuzumi Mansion Arc,Rokuta Kamado
Tsuzumi Mansion Arc,Inosuke Hashibira
Tsuzumi Mansion Arc,Zenitsu Agatsuma
Tsuzumi Mansion Arc,Kiyoshi
Tsuzumi Mansion Arc,Teruko
Tsuzumi Mansion Arc,Shoichi
Tsuzumi Mansion Arc,Tanjiro Kamado
Tsuzumi Mansion Arc,Kasugai Crows
Tsuzumi Mansion Arc,Hisa
Tsuzumi Mansion Arc,Nezuko Kamado
Mount Natagumo Arc,Tanjiro Kamado
Mount Natagumo Arc,Zenitsu Agatsuma
Mount Natagumo Arc,Inosuke Hashibira
Mount Natagumo Arc,Nezuko Kamado
Mount Natagumo Arc,Hisa
Mount Natagumo Arc,Murata
Mount Natagumo Arc,Spider Demon (Mother)
Mount Natagumo Arc,Kagaya Ubuyashiki
Mount Natagumo Arc,Hinaki Ubuyashiki
Mount Natagumo Arc,Nichika Ubuyashiki
Mount Natagumo Arc,Giyu Tomioka
Mount Natagumo Arc,Shinobu Kocho
Mount Natagumo Arc,Zenitsu Agatsuma
Mount Natagumo Arc,Inosuke Hashibira
Mount Natagumo Arc,Tanjiro Kamado
Mount Natagumo Arc,Murata
Mount Natagumo Arc,Rui
Mount Natagumo Arc,Spider Demon (Mother)
Mount Natagumo Arc,Murata
Mount Natagumo Arc,Tanjiro Kamado
Mount Natagumo Arc,Inosuke Hashibira
Mount Natagumo Arc,Ozaki
Mount Natagumo Arc,Spider Demon (Mother)
Mount Natagumo Arc,Rui
Mount Natagumo Arc,Inosuke Hashibira
Mount Natagumo Arc,Tanjiro Kamado
Mount Natagumo Arc,Spider Demon (Mother)
Mount Natagumo Arc,Spider Demon (Mother)
Mount Natagumo Arc,Tanjiro Kamado
Mount Natagumo Arc,Spider Demon (Father)
Mount Natagumo Arc,Rui
Mount Natagumo Arc,Spider Demon (Son)
Mount Natagumo Arc,Spider Demon (Daughter)
Mount Natagumo Arc,Inosuke Hashibira
Mount Natagumo Arc,Zenitsu Agatsuma
Mount Natagumo Arc,Spider Demon (Son)
Mount Natagumo Arc,Zenitsu Agatsuma
Mount Natagumo Arc,"""Gramps""(Flashback)"
Mount Natagumo Arc,Spider Demon (Son)
Mount Natagumo Arc,Zenitsu Agatsuma
Mount Natagumo Arc,Unnamed student(Flashback)
Mount Natagumo Arc,Shoichi(Vision)
Mount Natagumo Arc,Kiyoshi(Vision)
Mount Natagumo Arc,Teruko(Vision)
Mount Natagumo Arc,Nezuko Kamado(Vision)
Mount Natagumo Arc,"""Gramps""(Flashback)"
Mount Natagumo Arc,Unnamed student(Flashback)
Mount Natagumo Arc,Tanjiro Kamado
Mount Natagumo Arc,Inosuke Hashibira
Mount Natagumo Arc,Spider Demon (Daughter)
Mount Natagumo Arc,Spider Demon (Father)
Mount Natagumo Arc,Tanjiro Kamado
Mount Natagumo Arc,Spider Demon (Father)
Mount Natagumo Arc,Inosuke Hashibira
Mount Natagumo Arc,Zenitsu Agatsuma
Mount Natagumo Arc,Shinobu
Mount Natagumo Arc,Spider Demon (Daughter)
Mount Natagumo Arc,Rui
Mount Natagumo Arc,Spider Demon (Daughter)
Mount Natagumo Arc,Tanjiro Kamado
Mount Natagumo Arc,Rui
Mount Natagumo Arc,Inosuke Hashibira
Mount Natagumo Arc,Spider Demon (Father)
Mount Natagumo Arc,Spider Demon (Father)
Mount Natagumo Arc,Inosuke Hashibira
Mount Natagumo Arc,Tanjiro Kamado
Mount Natagumo Arc,Hisa(Vision)
Mount Natagumo Arc,Unknown woman(Flashback)
Mount Natagumo Arc,Zenitsu Agatsuma
Mount Natagumo Arc,Giyu Tomioka
Mount Natagumo Arc,Rui
Mount Natagumo Arc,Giyu Tomioka
Mount Natagumo Arc,Inosuke Hashibira
Mount Natagumo Arc,Tanjiro Kamado
Mount Natagumo Arc,Rui
Mount Natagumo Arc,Sakonji Urokodaki(Vision)
Mount Natagumo Arc,Haganezuka(Vision)
Mount Natagumo Arc,Nezuko Kamado
Mount Natagumo Arc,Spider Demon (Daughter)
Mount Natagumo Arc,Spider Demon (Father)(Vision)
Mount Natagumo Arc,Spider Demon (Mother)(Vision)
Mount Natagumo Arc,Spider Demon (Daughter)(Vision)
Mount Natagumo Arc,Spider Demon (Son)(Vision)
Mount Natagumo Arc,Rui
Mount Natagumo Arc,Tanjiro Kamado
Mount Natagumo Arc,Nezuko Kamado
Mount Natagumo Arc,Sabito(Vision)
Mount Natagumo Arc,Shoichi(Vision)
Mount Natagumo Arc,Kiyoshi(Vision)
Mount Natagumo Arc,Teruko(Vision)
Mount Natagumo Arc,Kazumi(Vision)
Mount Natagumo Arc,Inosuke Hashibira(Vision)
Mount Natagumo Arc,Makomo(Vision)
Mount Natagumo Arc,Tamayo(Vision)
Mount Natagumo Arc,Yushiro(Vision)
Mount Natagumo Arc,Zenitsu Agatsuma(Vision)
Mount Natagumo Arc,Hotaru Haganezuka(Vision)
Mount Natagumo Arc,Giyu Tomioka(Vision)
Mount Natagumo Arc,Sakonji Urokodaki(Vision)
Mount Natagumo Arc,Shigeru Kamado(Vision)
Mount Natagumo Arc,Takeo Kamado(Vision)
Mount Natagumo Arc,Rokuta Kamado(Vision)
Mount Natagumo Arc,Kie Kamado(Vision)
Mount Natagumo Arc,Tanjuro Kamado(Flashback)
Mount Natagumo Arc,Hanako Kamado(Vision)
Mount Natagumo Arc,Tanjiro Kamado
Mount Natagumo Arc,Kie Kamado(Flashback)
Mount Natagumo Arc,Tanjuro Kamado(Flashback)
Mount Natagumo Arc,Takeo Kamado(Flashback)
Mount Natagumo Arc,Hanako Kamado(Flashback)
Mount Natagumo Arc,Nezuko Kamado
Mount Natagumo Arc,Rui
Mount Natagumo Arc,Spider Demon (Daughter)
Mount Natagumo Arc,Spider Demon (Father)(Vision)
Mount Natagumo Arc,Spider Demon (Son)(Vision)
Mount Natagumo Arc,Spider Demon (Mother)(Vision)
Mount Natagumo Arc,Rui
Mount Natagumo Arc,Murata
Mount Natagumo Arc,Shinobu Kocho
Mount Natagumo Arc,Shinobu Kocho
Mount Natagumo Arc,Murata
Mount Natagumo Arc,Tanjiro Kamado
Mount Natagumo Arc,Rui
Mount Natagumo Arc,Tanjuro Kamado(Flashback)
Mount Natagumo Arc,Inosuke Hashibira(Vision)
Mount Natagumo Arc,Nezuko Kamado
Mount Natagumo Arc,Giyu Tomioka
Mount Natagumo Arc,Spider Demon (Mother)(Vision)
Mount Natagumo Arc,Spider Demon (Father)(Vision)
Mount Natagumo Arc,Spider Demon (Daughter)(Vision)
Mount Natagumo Arc,Spider Demon (Son)(Vision)
Mount Natagumo Arc,Rui's Father(Vision)
Mount Natagumo Arc,Rui's Mother(Vision)
Mount Natagumo Arc,Rui
Mount Natagumo Arc,Muzan Kibutsuji(Flashback)
Mount Natagumo Arc,Rui's Mother(Flashback)
Mount Natagumo Arc,Rui's Father(Flashback)
Mount Natagumo Arc,Nezuko Kamado
Mount Natagumo Arc,Tanjiro Kamado
Mount Natagumo Arc,Giyu Tomioka
Mount Natagumo Arc,Shinobu Kocho
Mount Natagumo Arc,Zenitsu Agatsuma
Mount Natagumo Arc,Kanao Tsuyuri
Mount Natagumo Arc,Inosuke Hashibira
Mount Natagumo Arc,Nezuko Kamado
Mount Natagumo Arc,Tanjiro Kamado
Mount Natagumo Arc,Giyu Tomioka
Mount Natagumo Arc,Shinobu Kocho
Mount Natagumo Arc,Goto
Mount Natagumo Arc,Tengen Uzui
Mount Natagumo Arc,Mitsuri Kanroji
Mount Natagumo Arc,Kyojuro Rengoku
Mount Natagumo Arc,Muichiro Tokito
Mount Natagumo Arc,Gyomei Himejima
Rehabilitation Training Arc,Tanjiro Kamado
Rehabilitation Training Arc,Tengen Uzui
Rehabilitation Training Arc,Mitsuri Kanroji
Rehabilitation Training Arc,Kyojuro Rengoku
Rehabilitation Training Arc,Muichiro Tokito
Rehabilitation Training Arc,Gyomei Himejima
Rehabilitation Training Arc,Shinobu Kocho
Rehabilitation Training Arc,Sanemi Shinazugawa
Rehabilitation Training Arc,Giyu Tomioka
Rehabilitation Training Arc,Obanai Iguro
Rehabilitation Training Arc,Goto
Rehabilitation Training Arc,Nezuko Kamado
Rehabilitation Training Arc,Hinaki Ubuyashiki
Rehabilitation Training Arc,Nichika Ubuyashiki
Rehabilitation Training Arc,Kagaya Ubuyashiki
Rehabilitation Training Arc,The Master
Rehabilitation Training Arc,Hinaki Ubuyashiki
Rehabilitation Training Arc,Nichika Ubuyashiki
Rehabilitation Training Arc,Tanjiro Kamado
Rehabilitation Training Arc,Sanemi Shinazugawa
Rehabilitation Training Arc,Giyu Tomioka
Rehabilitation Training Arc,Tengen Uzui
Rehabilitation Training Arc,Mitsuri Kanroji
Rehabilitation Training Arc,Kyojuro Rengoku
Rehabilitation Training Arc,Muichiro Tokito
Rehabilitation Training Arc,Gyomei Himejima
Rehabilitation Training Arc,Shinobu Kocho
Rehabilitation Training Arc,Obanai Iguro
Rehabilitation Training Arc,Obanai Iguro
Rehabilitation Training Arc,Sanemi Shinazugawa
Rehabilitation Training Arc,Kagaya Ubuyashiki
Rehabilitation Training Arc,Hinaki Ubuyashiki
Rehabilitation Training Arc,Nichika Ubuyashiki
Rehabilitation Training Arc,Tanjiro Kamado
Rehabilitation Training Arc,Nezuko Kamado
Rehabilitation Training Arc,Kyojuro Rengoku
Rehabilitation Training Arc,Muichiro Tokito
Rehabilitation Training Arc,Shinobu Kocho
Rehabilitation Training Arc,Gyomei Himejima
Rehabilitation Training Arc,Tengen Uzui
Rehabilitation Training Arc,Mitsuri Kanroji
Rehabilitation Training Arc,Giyu Tomioka
Rehabilitation Training Arc,Kie Kamado(Flashback)
Rehabilitation Training Arc,Rokuta Kamado(Flashback)
Rehabilitation Training Arc,Hanako Kamado(Flashback)
Rehabilitation Training Arc,Takeo Kamado(Flashback)
Rehabilitation Training Arc,Shigeru Kamado(Flashback)
Rehabilitation Training Arc,Tanjuro Kamado(Flashback)
Rehabilitation Training Arc,Shinobu Kocho
Rehabilitation Training Arc,Mitsuri Kanroji
Rehabilitation Training Arc,Kyojuro Rengoku
Rehabilitation Training Arc,Tanjiro Kamado
Rehabilitation Training Arc,Muichiro Tokito
Rehabilitation Training Arc,Gyomei Himejima
Rehabilitation Training Arc,Tengen Uzui
Rehabilitation Training Arc,Goto
Rehabilitation Training Arc,Kagaya Ubuyashiki
Rehabilitation Training Arc,Hinaki Ubuyashiki
Rehabilitation Training Arc,Nichika Ubuyashiki
Rehabilitation Training Arc,Kanao Tsuyuri
Rehabilitation Training Arc,Aoi Kanzaki
Rehabilitation Training Arc,Zenitsu Agatsuma
Rehabilitation Training Arc,Kiyo Terauchi
Rehabilitation Training Arc,Inosuke Hashibira
Rehabilitation Training Arc,Nezuko Kamado
Rehabilitation Training Arc,Murata
Rehabilitation Training Arc,Zenitsu Agatsuma
Rehabilitation Training Arc,Shinobu Kocho
Rehabilitation Training Arc,Inosuke Hashibira
Rehabilitation Training Arc,Tanjiro Kamado
Rehabilitation Training Arc,Kanao Tsuyuri
Rehabilitation Training Arc,Aoi Kanzaki
Rehabilitation Training Arc,Naho Takada
Rehabilitation Training Arc,Sumi Nakahara
Rehabilitation Training Arc,Kiyo Terauchi
Rehabilitation Training Arc,Tanjiro Kamado
Rehabilitation Training Arc,Naho Takada
Rehabilitation Training Arc,Kiyo Terauchi
Rehabilitation Training Arc,Sumi Nakahara
Rehabilitation Training Arc,Sakonji Urokodaki
Rehabilitation Training Arc,Haganezuka
Rehabilitation Training Arc,Tamayo's cat
Rehabilitation Training Arc,Shinobu Kocho
Rehabilitation Training Arc,Shinobu's sister(Flashback)
Rehabilitation Training Arc,Kanao Tsuyuri
Rehabilitation Training Arc,Inosuke Hashibira
Rehabilitation Training Arc,Zenitsu Agatsuma
Rehabilitation Training Arc,Zenitsu Agatsuma
Rehabilitation Training Arc,Inosuke Hashibira
Rehabilitation Training Arc,Tanjiro Kamado
Rehabilitation Training Arc,Shinobu Kocho
Rehabilitation Training Arc,Kiyo Terauchi
Rehabilitation Training Arc,Haganezuka
Rehabilitation Training Arc,Kanamori
Rehabilitation Training Arc,Biwa Demon
Rehabilitation Training Arc,Lower Six
Rehabilitation Training Arc,Lower Four
Rehabilitation Training Arc,Lower One
Rehabilitation Training Arc,Lower Two
Rehabilitation Training Arc,Lower Three
Rehabilitation Training Arc,Muzan Kibutsuji
Rehabilitation Training Arc,Muzan Kibutsuji
Rehabilitation Training Arc,Tamayo(Vision)
Rehabilitation Training Arc,Nezuko Kamado(Vision)
Rehabilitation Training Arc,Lower Six
Rehabilitation Training Arc,Lower Three
Rehabilitation Training Arc,Lower Four
Rehabilitation Training Arc,Lower Two
Rehabilitation Training Arc,Lower One
Rehabilitation Training Arc,Biwa Demon
Rehabilitation Training Arc,Tanjiro Kamado(Vision)
Rehabilitation Training Arc,Shinobu Kocho
Rehabilitation Training Arc,Tanjiro Kamado
Rehabilitation Training Arc,Kyojuro Rengoku
Rehabilitation Training Arc,Final Selection survivor
Rehabilitation Training Arc,Final Selection overseer
Rehabilitation Training Arc,Final Selection overseer
Rehabilitation Training Arc,Aoi Kanzaki
Rehabilitation Training Arc,Kanao Tsuyuri
Rehabilitation Training Arc,Kiyo Terauchi
Rehabilitation Training Arc,Naho Takada
Rehabilitation Training Arc,Sumi Nakahara
Rehabilitation Training Arc,Zenitsu Agatsuma
Rehabilitation Training Arc,Inosuke Hashibira
Mugen Train Arc,Inosuke Hashibira
Mugen Train Arc,Tanjiro Kamado
Mugen Train Arc,Zenitsu Agatsuma
Mugen Train Arc,Kyojuro Rengoku
Mugen Train Arc,Train Conductor
Mugen Train Arc,Enmu
Mugen Train Arc,
Mugen Train Arc,Train Conductor
Mugen Train Arc,Enmu
Mugen Train Arc,Enmu's recruits
Mugen Train Arc,Sickly youth
Mugen Train Arc,Tanjiro Kamado
Mugen Train Arc,Kyojuro Rengoku
Mugen Train Arc,Zenitsu Agatsuma
Mugen Train Arc,Inosuke Hashibira
Mugen Train Arc,Nezuko Kamado
Mugen Train Arc,Shinjuro Rengoku(Dream)
Mugen Train Arc,Senjuro Rengoku(Dream)
Mugen Train Arc,Shigeru Kamado(Dream)
Mugen Train Arc,Hanako Kamado(Dream)
Mugen Train Arc,Takeo Kamado(Dream)
Mugen Train Arc,Kie Kamado(Dream)
Mugen Train Arc,Tanjiro Kamado
Mugen Train Arc,Kyojuro Rengoku
Mugen Train Arc,Senjuro Rengoku(Dream)
Mugen Train Arc,Enmu
Mugen Train Arc,Takeo Kamado(Dream)
Mugen Train Arc,Shigeru Kamado(Dream)
Mugen Train Arc,Hanako Kamado(Dream)
Mugen Train Arc,Kie Kamado(Dream)
Mugen Train Arc,Zenitsu Agatsuma
Mugen Train Arc,Inosuke Hashibira
Mugen Train Arc,Nezuko Kamado
Mugen Train Arc,Hanako Kamado(Dream)
Mugen Train Arc,Tanjiro Kamado
Mugen Train Arc,Takeo Kamado(Dream)
Mugen Train Arc,Nezuko Kamado(Dream)
Mugen Train Arc,Shigeru Kamado(Dream)
Mugen Train Arc,Kie Kamado(Dream)
Mugen Train Arc,Rokuta Kamado(Dream)
Mugen Train Arc,Inosuke Hashibira
Mugen Train Arc,Zenitsu Agatsuma
Mugen Train Arc,Enmu
Mugen Train Arc,Tanjuro Kamado(Dream)
Mugen Train Arc,Chapter 59
Mugen Train Arc,Bonus Manga→
Mugen Train Arc,Enmu
Mugen Train Arc,Tanjiro Kamado
Mugen Train Arc,Daki(Cameo Image)
Mugen Train Arc,Akaza(Cameo Image)
Mugen Train Arc,Rokuta Kamado(Dream)
Mugen Train Arc,Takeo Kamado(Dream)
Mugen Train Arc,Shigeru Kamado(Dream)
Mugen Train Arc,Hanako Kamado(Dream)
Mugen Train Arc,Tanjuro Kamado(Dream)
Mugen Train Arc,Kie Kamado(Dream)
Mugen Train Arc,Rui(Image)
Mugen Train Arc,Inosuke Hashibira
Mugen Train Arc,Chapter 59
Mugen Train Arc,Bonus Manga
Mugen Train Arc,Chapter Cover
Mugen Train Arc,Color Page
Mugen Train Arc,Enmu
Mugen Train Arc,Inosuke Hashibira
Mugen Train Arc,Tanjiro Kamado
Mugen Train Arc,Train Engineer
Mugen Train Arc,Kyojuro Rengoku
Mugen Train Arc,Zenitsu Agatsuma
Mugen Train Arc,Nezuko Kamado
Mugen Train Arc,Akaza(Image Cameo)
Mugen Train Arc,Daki(Image Cameo)
Mugen Train Arc,Muzan Kibutsuji(Image)
Mugen Train Arc,Tanjiro Kamado
Mugen Train Arc,Kyojuro Rengoku
Mugen Train Arc,Akaza
Mugen Train Arc,Inosuke Hashibira
Mugen Train Arc,Nezuko Kamado
Mugen Train Arc,Zenitsu Agatsuma
Mugen Train Arc,Tanjiro Kamado
Mugen Train Arc,Kyojuro Rengoku
Mugen Train Arc,Akaza
Mugen Train Arc,Inosuke Hashibira
Mugen Train Arc,Ruka Rengoku
Mugen Train Arc,Senjuro Rengoku
Mugen Train Arc,Enmu
Mugen Train Arc,Tanjiro Kamado
Mugen Train Arc,Inosuke Hashibira
Mugen Train Arc,Kyojuro Rengoku
Mugen Train Arc,Akaza
Mugen Train Arc,Kyojuro Rengoku
Mugen Train Arc,Tanjiro Kamado
Mugen Train Arc,Inosuke Hashibira
Mugen Train Arc,Nezuko Kamado
Mugen Train Arc,Zenitsu Agatsuma
Mugen Train Arc,Ruka Rengoku
Mugen Train Arc,Shinobu Kocho
Mugen Train Arc,Kanao Tsuyuri
Mugen Train Arc,Mitsuri Kanroji
Mugen Train Arc,Muichiro Tokito
Mugen Train Arc,Tengen Uzui
Mugen Train Arc,Obanai Iguro
Mugen Train Arc,Genya Shinazugawa
Mugen Train Arc,Gyomei Himejima
Mugen Train Arc,Sanemi Shinazugawa
Mugen Train Arc,Giyu Tomioka
Mugen Train Arc,Amane Ubuyashiki
Mugen Train Arc,Kagaya Ubuyashiki
Entertainment District Arc,Muzan Kibutsuji
Entertainment District Arc,Akaza
Entertainment District Arc,Tanjiro Kamado
Entertainment District Arc,Zenitsu Agatsuma
Entertainment District Arc,Inosuke Hashibira
Entertainment District Arc,Kyojuro Rengoku
Entertainment District Arc,Kiyo Terauchi
Entertainment District Arc,Senjuro Rengoku
Entertainment District Arc,Shinjuro Rengoku
Entertainment District Arc,Tanjiro Kamado
Entertainment District Arc,Senjuro Rengoku
Entertainment District Arc,Shinjuro Rengoku
Entertainment District Arc,Kyojuro Rengoku(Vision)
Entertainment District Arc,Akaza(Vision)
Entertainment District Arc,Senjuro Rengoku
Entertainment District Arc,Tanjiro Kamado
Entertainment District Arc,Kyojuro Rengoku(Vision)
Entertainment District Arc,Akaza(Vision)
Entertainment District Arc,Shinjuro Rengoku
Entertainment District Arc,Hotaru Haganezuka
Entertainment District Arc,Naho Takada
Entertainment District Arc,Inosuke Hashibira
Entertainment District Arc,Kiyo Terauchi
Entertainment District Arc,Tanjiro Kamado
Entertainment District Arc,Sumi Nakahara
Entertainment District Arc,Zenitsu Agatsuma
Entertainment District Arc,Aoi Kanzaki
Entertainment District Arc,Tengen Uzui
Entertainment District Arc,Kanao Tsuyuri
Entertainment District Arc,Tengen Uzui
Entertainment District Arc,Inosuke Hashibira
Entertainment District Arc,Tanjiro Kamado
Entertainment District Arc,Zenitsu Agatsuma
Entertainment District Arc,Hinatsuru
Entertainment District Arc,Makio
Entertainment District Arc,Suma
Entertainment District Arc,Koinatsu
Entertainment District Arc,Inosuke Hashibira
Entertainment District Arc,Zenitsu Agatsuma
Entertainment District Arc,Tengen Uzui
Entertainment District Arc,Tanjiro Kamado
Entertainment District Arc,Koinatsu
Entertainment District Arc,Daki
Entertainment District Arc,Makio
Entertainment District Arc,Inosuke Hashibira
Entertainment District Arc,Makio
Entertainment District Arc,Daki
Entertainment District Arc,Zenitsu Agatsuma
Entertainment District Arc,Daki
Entertainment District Arc,Omitsu
Entertainment District Arc,Muzan Kibutsuji
Entertainment District Arc,Zenitsu Agatsuma
Entertainment District Arc,Tanjiro Kamado
Entertainment District Arc,Inosuke Hashibira
Entertainment District Arc,Tanjiro Kamado
Entertainment District Arc,Tengen Uzui
Entertainment District Arc,Koinatsu
Entertainment District Arc,Daki
Entertainment District Arc,Inosuke Hashibira
Entertainment District Arc,Ninju
Entertainment District Arc,Tengen Uzui
Entertainment District Arc,Omitsu
Entertainment District Arc,Tanjiro Kamado
Entertainment District Arc,Daki
Entertainment District Arc,Koinatsu
Entertainment District Arc,Nezuko Kamado
Entertainment District Arc,Hinatsuru
Entertainment District Arc,Tengen Uzui
Entertainment District Arc,Daki
Entertainment District Arc,Tanjiro Kamado
Entertainment District Arc,Giyu Tomioka(Image)
Entertainment District Arc,Sakonji Urokodaki(Image)
Entertainment District Arc,Zenitsu Agatsuma(Image)
Entertainment District Arc,Inosuke Hashibira(Image)
Entertainment District Arc,Kyojuro Rengoku(Image)
Entertainment District Arc,Daki
Entertainment District Arc,Tanjiro Kamado
Entertainment District Arc,Kiyo Terauchi(Flashback)
Entertainment District Arc,Koinatsu
Entertainment District Arc,Kyojuro Rengoku(Image)
Entertainment District Arc,Aoi Kanzaki(Image)
Entertainment District Arc,Shinobu Kocho(Image)
Entertainment District Arc,Kazumi(Image)
Entertainment District Arc,Naho Takada(Image)
Entertainment District Arc,Sumi Nakahara(Image)
Entertainment District Arc,Giyu Tomioka(Image)
Entertainment District Arc,Shinjuro Rengoku(Image)
Entertainment District Arc,Senjuro Rengoku(Image)
Entertainment District Arc,Inosuke Hashibira
Entertainment District Arc,Makio
Entertainment District Arc,Suma
Entertainment District Arc,Zenitsu Agatsuma
Entertainment District Arc,Inosuke Hashibira
Entertainment District Arc,Daki
Entertainment District Arc,Makio
Entertainment District Arc,Suma
Entertainment District Arc,Zenitsu Agatsuma
Entertainment District Arc,Ninju
Entertainment District Arc,Tengen Uzui
Entertainment District Arc,Makio
Entertainment District Arc,Hinatsuru
Entertainment District Arc,Tengen Uzui
Entertainment District Arc,Suma
Entertainment District Arc,Inosuke Hashibira
Entertainment District Arc,Zenitsu Agatsuma
Entertainment District Arc,Tanjiro Kamado
Entertainment District Arc,Daki
Entertainment District Arc,Shinjuro Rengoku(Image)
Entertainment District Arc,Tanjiro Kamado
Entertainment District Arc,Ruka Rengoku(Flashback)
Entertainment District Arc,Senjuro Rengoku(Flashback)
Entertainment District Arc,Kyojuro Rengoku(Flashback)
Entertainment District Arc,Rokuta Kamado(Flashback)
Entertainment District Arc,Daki
Entertainment District Arc,Nezuko Kamado
Entertainment District Arc,Tanjiro Kamado
Entertainment District Arc,Daki
Entertainment District Arc,Hanako Kamado
Entertainment District Arc,Nezuko Kamado
Entertainment District Arc,Kie Kamado
Entertainment District Arc,Shigeru Kamado
Entertainment District Arc,Daki
Entertainment District Arc,Muzan Kibutsuji(Flashback)
Entertainment District Arc,Nezuko Kamado
Entertainment District Arc,Tanjiro Kamado
Entertainment District Arc,Takeo Kamado(Dream)
Entertainment District Arc,Daki
Entertainment District Arc,Nezuko Kamado
Entertainment District Arc,Tanjiro Kamado
Entertainment District Arc,Tengen Uzui
Entertainment District Arc,Nezuko Kamado
Entertainment District Arc,Tanjiro Kamado
Entertainment District Arc,Daki
Entertainment District Arc,Tengen Uzui
Entertainment District Arc,Kie Kamado
Entertainment District Arc,Gyutaro
Entertainment District Arc,Gyutaro
Entertainment District Arc,Tengen Uzui
Entertainment District Arc,Daki
Entertainment District Arc,Tanjiro Kamado
Entertainment District Arc,Nezuko Kamado
Entertainment District Arc,Inosuke Hashibira
Entertainment District Arc,Zenitsu Agatsuma
Entertainment District Arc,Tanjiro Kamado
Entertainment District Arc,Nezuko Kamado
Entertainment District Arc,Gyutaro
Entertainment District Arc,Tengen Uzui
Entertainment District Arc,Daki
Entertainment District Arc,Gyomei Himejima(Image)
Entertainment District Arc,Muichiro Tokito(Image)
Entertainment District Arc,Kyojuro Rengoku(Image)
Entertainment District Arc,Kagaya Ubuyashiki(Flashback)
Entertainment District Arc,Makio(Flashback)
Entertainment District Arc,Suma(Flashback)
Entertainment District Arc,Hinatsuru(Flashback)
Entertainment District Arc,Inosuke Hashibira
Entertainment District Arc,Zenitsu Agatsuma
Entertainment District Arc,Suma
Entertainment District Arc,Makio
Entertainment District Arc,Daki
Entertainment District Arc,Hinatsuru
Entertainment District Arc,Gyutaro
Entertainment District Arc,Tanjiro Kamado
Entertainment District Arc,Tengen Uzui
Entertainment District Arc,Inosuke Hashibira
Entertainment District Arc,Zenitsu Agatsuma
Entertainment District Arc,Kyojuro Rengoku(Image)
Entertainment District Arc,Tanjiro Kamado
Entertainment District Arc,Gyutaro
Entertainment District Arc,Inosuke Hashibira
Entertainment District Arc,Zenitsu Agatsuma
Entertainment District Arc,Daki
Entertainment District Arc,Tengen Uzui
Entertainment District Arc,Hinatsuru
Entertainment District Arc,Hinatsuru
Entertainment District Arc,Gyutaro
Entertainment District Arc,Tanjiro Kamado
Entertainment District Arc,Tengen Uzui
Entertainment District Arc,Makio(Flashback)
Entertainment District Arc,Suma(Flashback)
Entertainment District Arc,Sakonji Urokodaki(Flashback)
Entertainment District Arc,Hinatsuru
Entertainment District Arc,Tanjiro Kamado
Entertainment District Arc,Gyutaro
Entertainment District Arc,Tengen Uzui
Entertainment District Arc,Inosuke Hashibira
Entertainment District Arc,Zenitsu Agatsuma
Entertainment District Arc,Daki
Entertainment District Arc,Kyojuro Rengoku(Flashback)
Entertainment District Arc,Chapter Cover
Entertainment District Arc,Twitter Icon
Entertainment District Arc,Chapter Cover
Entertainment District Arc,Twitter Icon
Entertainment District Arc,Gyutaro
Entertainment District Arc,Daki
Entertainment District Arc,Tanjiro Kamado
Entertainment District Arc,Tengen Uzui
Entertainment District Arc,Zenitsu Agatsuma
Entertainment District Arc,Inosuke Hashibira
Entertainment District Arc,Suma
Entertainment District Arc,Hinatsuru
Entertainment District Arc,Makio
Entertainment District Arc,Nezuko Kamado
Entertainment District Arc,Tanjiro Kamado
Entertainment District Arc,Zenitsu Agatsuma
Entertainment District Arc,Inosuke Hashibira
Entertainment District Arc,Suma
Entertainment District Arc,Hinatsuru
Entertainment District Arc,Tengen Uzui
Entertainment District Arc,Makio
Entertainment District Arc,Chachamaru
Entertainment District Arc,Gyutaro
Entertainment District Arc,Daki
Entertainment District Arc,Chapter Cover
Entertainment District Arc,Twitter Icon
Entertainment District Arc,Daki
Entertainment District Arc,Gyutaro
Entertainment District Arc,Tanjiro Kamado
Entertainment District Arc,Nezuko Kamado
Entertainment District Arc,Hinatsuru
Entertainment District Arc,Tengen Uzui
Entertainment District Arc,Suma
Entertainment District Arc,Makio
Entertainment District Arc,Obanai Iguro
Entertainment District Arc,Zenitsu Agatsuma
Entertainment District Arc,Inosuke Hashibira
Entertainment District Arc,Kagaya Ubuyashiki
Entertainment District Arc,Amane Ubuyashiki
Entertainment District Arc,Akaza
Swordsmith Village Arc,Chapter Cover
Swordsmith Village Arc,Twitter Icon
Swordsmith Village Arc,Gyokko
Swordsmith Village Arc,Doma
Swordsmith Village Arc,Akaza
Swordsmith Village Arc,Hantengu
Swordsmith Village Arc,Kokushibo
Swordsmith Village Arc,Nakime
Swordsmith Village Arc,Yoriichi Tsugikuni
Swordsmith Village Arc,Suyako Kamado
Swordsmith Village Arc,Sumire Kamado
Swordsmith Village Arc,Sumiyoshi Kamado
Swordsmith Village Arc,Tanjiro Kamado
Swordsmith Village Arc,Kanao Tsuyuri
Swordsmith Village Arc,Goto
Swordsmith Village Arc,Tanjiro Kamado
Swordsmith Village Arc,Zenitsu Agatsuma(Flashback)
Swordsmith Village Arc,Nezuko Kamado(Flashback)
Swordsmith Village Arc,Inosuke Hashibira(Flashback)
Swordsmith Village Arc,Kanao Tsuyuri
Swordsmith Village Arc,Naho Takada
Swordsmith Village Arc,Kiyo Terauchi
Swordsmith Village Arc,Sumi Nakahara
Swordsmith Village Arc,Aoi Kanzaki
Swordsmith Village Arc,Hinatsuru(Flashback)
Swordsmith Village Arc,Makio(Flashback)
Swordsmith Village Arc,Tengen Uzui(Flashback)
Swordsmith Village Arc,Suma(Flashback)
Swordsmith Village Arc,Kasugai Crows
Swordsmith Village Arc,Kagaya Ubuyashiki(Image)
Swordsmith Village Arc,Hinaki Ubuyashiki(Image)
Swordsmith Village Arc,Nichika Ubuyashiki(Image)
Swordsmith Village Arc,Mitsuri Kanroji
Swordsmith Village Arc,Tecchin Tecchikawahara
Swordsmith Village Arc,Tanjiro Kamado
Swordsmith Village Arc,Mitsuri Kanroji
Swordsmith Village Arc,Genya Shinazugawa
Swordsmith Village Arc,Naho Takada
Swordsmith Village Arc,Nezuko Kamado
Swordsmith Village Arc,Kotetsu
Swordsmith Village Arc,Muichiro Tokito
Swordsmith Village Arc,Chapter Cover
Swordsmith Village Arc,Twitter Icon
Swordsmith Village Arc,Chapter Cover
Swordsmith Village Arc,Twitter Icon
Swordsmith Village Arc,Chapter Cover
Swordsmith Village Arc,Twitter Icon
Swordsmith Village Arc,Tanjiro Kamado
Swordsmith Village Arc,Kotetsu
Swordsmith Village Arc,Yoriichi Type Zero
Swordsmith Village Arc,Hotaru Haganezuka
Swordsmith Village Arc,Kozo Kanamori
Swordsmith Village Arc,Genya Shinazugawa
Swordsmith Village Arc,Gyokko
Swordsmith Village Arc,Hantengu
Swordsmith Village Arc,Nezuko Kamado
Swordsmith Village Arc,Tanjiro Kamado
Swordsmith Village Arc,Muichiro Tokito
Swordsmith Village Arc,Nezuko Kamado
Swordsmith Village Arc,Hantengu
Swordsmith Village Arc,Daki(Flashback)
Swordsmith Village Arc,Gyutaro(Flashback)
Swordsmith Village Arc,Sekido
Swordsmith Village Arc,Karaku
Swordsmith Village Arc,Genya Shinazugawa
Swordsmith Village Arc,Genya Shinazugawa
Swordsmith Village Arc,Tanjiro Kamado
Swordsmith Village Arc,Nezuko Kamado
Swordsmith Village Arc,Sekido
Swordsmith Village Arc,Karaku
Swordsmith Village Arc,Urogi
Swordsmith Village Arc,Aizetsu
Swordsmith Village Arc,Muichiro Tokito
Swordsmith Village Arc,Kotetsu
Swordsmith Village Arc,Muichiro Tokito
Swordsmith Village Arc,Kotetsu
Swordsmith Village Arc,Kagaya Ubuyashiki(Flashback)
Swordsmith Village Arc,Amane Ubuyashiki(Flashback)
Swordsmith Village Arc,Tanjiro Kamado
Swordsmith Village Arc,Urogi
Swordsmith Village Arc,Nezuko Kamado
Swordsmith Village Arc,Karaku
Swordsmith Village Arc,Sekido
Swordsmith Village Arc,Aizetsu
Swordsmith Village Arc,Genya Shinazugawa
Swordsmith Village Arc,Chapter Cover
Swordsmith Village Arc,Twitter Icon
Swordsmith Village Arc,Chapter Cover
Swordsmith Village Arc,Twitter Icon
Swordsmith Village Arc,Chapter Cover
Swordsmith Village Arc,Twitter Icon
Swordsmith Village Arc,Mitsuri Kanroji
Swordsmith Village Arc,Tecchin Tecchikawahara
Swordsmith Village Arc,Tanjiro Kamado
Swordsmith Village Arc,Nezuko Kamado
Swordsmith Village Arc,Urogi
Swordsmith Village Arc,Sekido
Swordsmith Village Arc,Karaku
Swordsmith Village Arc,Sumiyoshi Kamado(Memory)
Swordsmith Village Arc,Suyako Kamado(Memory)
Swordsmith Village Arc,Tanjiro Kamado
Swordsmith Village Arc,Yoriichi Tsugikuni(Memory)
Swordsmith Village Arc,Nezuko Kamado
Swordsmith Village Arc,Tengen Uzui(Memory)
Swordsmith Village Arc,Giyu Tomioka(Memory)
Swordsmith Village Arc,Sakonji Urokodaki(Memory)
Swordsmith Village Arc,Inosuke Hashibira(Memory)
Swordsmith Village Arc,Zenitsu Agatsuma(Memory)
Swordsmith Village Arc,Kyojuro Rengoku(Memory)
Swordsmith Village Arc,Sekido
Swordsmith Village Arc,Karaku
Swordsmith Village Arc,Urogi
Swordsmith Village Arc,Gyutaro(Flashback)
Swordsmith Village Arc,Genya Shinazugawa
Swordsmith Village Arc,Aizetsu
Swordsmith Village Arc,Hantengu
Swordsmith Village Arc,Tanjiro Kamado
Swordsmith Village Arc,Genya Shinazugawa
Swordsmith Village Arc,Nezuko Kamado
Swordsmith Village Arc,Karaku
Swordsmith Village Arc,Sekido
Swordsmith Village Arc,Aizetsu
Swordsmith Village Arc,Muichiro Tokito(Flashback)
Swordsmith Village Arc,Urogi
Swordsmith Village Arc,Hantengu
Swordsmith Village Arc,Sanemi Shinazugawa(Memory)
Swordsmith Village Arc,Shizu Shinazugawa(Memory)
Swordsmith Village Arc,Shizu Shinazugawa
Swordsmith Village Arc,Kyogo Shinazugawa
Swordsmith Village Arc,Genya Shinazugawa
Swordsmith Village Arc,Sanemi Shinazugawa(Memory)
Swordsmith Village Arc,Sekido
Swordsmith Village Arc,Tanjiro Kamado
Swordsmith Village Arc,Aizetsu
Swordsmith Village Arc,Hantengu
Swordsmith Village Arc,Tanjiro Kamado
Swordsmith Village Arc,Hantengu
Swordsmith Village Arc,Hantengu
Swordsmith Village Arc,Genya Shinazugawa
Swordsmith Village Arc,Nezuko Kamado
Swordsmith Village Arc,Aizetsu(Flashback)
Swordsmith Village Arc,Sekido(Flashback)
Swordsmith Village Arc,Karaku(Flashback)
Swordsmith Village Arc,Urogi(Flashback)
Swordsmith Village Arc,Muichiro Tokito
Swordsmith Village Arc,Kagaya Ubuyashiki(Memory)
Swordsmith Village Arc,Tanjiro Kamado(Memory)
Swordsmith Village Arc,Kozo Kanamori
Swordsmith Village Arc,Gyokko
Swordsmith Village Arc,Hotaru Haganezuka
Swordsmith Village Arc,Kotetsu
Swordsmith Village Arc,Muichiro's father(Memory)
Swordsmith Village Arc,Chapter Cover
Swordsmith Village Arc,Twitter Icon
Swordsmith Village Arc,Chapter Cover
Swordsmith Village Arc,Twitter Icon
Swordsmith Village Arc,Chapter Cover
Swordsmith Village Arc,Twitter Icon
Swordsmith Village Arc,Chapter Cover
Swordsmith Village Arc,Color Page
Swordsmith Village Arc,Muichiro Tokito
Swordsmith Village Arc,Kozo Kanamori
Swordsmith Village Arc,Hotaru Haganezuka
Swordsmith Village Arc,Kotetsu
Swordsmith Village Arc,Kyojuro Rengoku
Swordsmith Village Arc,Muichiro's father(Image)
Swordsmith Village Arc,Muichiro's mother(Image)
Swordsmith Village Arc,Yuichiro Tokito(Image)
Swordsmith Village Arc,Tanjiro Kamado
Swordsmith Village Arc,Hantengu
Swordsmith Village Arc,Zohakuten
Swordsmith Village Arc,Nezuko Kamado
Swordsmith Village Arc,Genya Shinazugawa
Swordsmith Village Arc,Mitsuri Kanroji
Swordsmith Village Arc,Mitsuri Kanroji
Swordsmith Village Arc,Zohakuten
Swordsmith Village Arc,Tanjiro Kamado
Swordsmith Village Arc,Nezuko Kamado
Swordsmith Village Arc,Genya Shinazugawa
Swordsmith Village Arc,Mitsuri's first fiancé(Flashback)
Swordsmith Village Arc,Mitsuri's Mother(Flashback)
Swordsmith Village Arc,Mitsuri's second fiancé(Flashback)
Swordsmith Village Arc,Kagaya Ubuyashiki(Flashback)
Swordsmith Village Arc,Mitsuri Kanroji
Swordsmith Village Arc,Amane Ubuyashiki(Flashback)
Swordsmith Village Arc,Mitsuri's Father(Flashback)
Swordsmith Village Arc,Mitsuri's Mother(Flashback)
Swordsmith Village Arc,Obanai Iguro(Flashback)
Swordsmith Village Arc,Zohakuten
Swordsmith Village Arc,Tanjiro Kamado
Swordsmith Village Arc,Nezuko Kamado
Swordsmith Village Arc,Genya Shinazugawa
Swordsmith Village Arc,Hantengu
Swordsmith Village Arc,Magistrate(Flashback)
Swordsmith Village Arc,Hantengu
Swordsmith Village Arc,Mitsuri Kanroji
Swordsmith Village Arc,Tanjiro Kamado
Swordsmith Village Arc,Genya Shinazugawa
Swordsmith Village Arc,Nezuko Kamado
Swordsmith Village Arc,Zenitsu Agatsuma(Flashback)
Swordsmith Village Arc,Tetsumotonaka
Swordsmith Village Arc,Tetsudoji
Swordsmith Village Arc,Tetsutani
Swordsmith Village Arc,Muichiro Tokito
Swordsmith Village Arc,Hotaru Haganezuka
Swordsmith Village Arc,Kozo Kanamori
Swordsmith Village Arc,Kotetsu
Swordsmith Village Arc,Tanjiro Kamado
Swordsmith Village Arc,Hantengu
Swordsmith Village Arc,Nezuko Kamado
Swordsmith Village Arc,Tetsumotonaka
Swordsmith Village Arc,Tetsudoji
Swordsmith Village Arc,Tetsutani
Swordsmith Village Arc,Genya Shinazugawa
Swordsmith Village Arc,Muichiro Tokito
Swordsmith Village Arc,Kotetsu
Swordsmith Village Arc,Hotaru Haganezuka
Swordsmith Village Arc,Kozo Kanamori
Swordsmith Village Arc,Muzan Kibutsuji
Swordsmith Village Arc,Tamayo
Swordsmith Village Arc,Chachamaru
Swordsmith Village Arc,Asakusa Demon
Swordsmith Village Arc,Yushiro
Swordsmith Village Arc,Nezuko Kamado
Swordsmith Village Arc,Tanjiro Kamado
Swordsmith Village Arc,Genya Shinazugawa
Swordsmith Village Arc,Tetsumotonaka
Swordsmith Village Arc,Tetsudoji
Swordsmith Village Arc,Tetsutani
Swordsmith Village Arc,Mitsuri Kanroji
Swordsmith Village Arc,Hantengu
Swordsmith Village Arc,Muzan Kibutsuji
Swordsmith Village Arc,Muzan's doctor
Swordsmith Village Arc,Muichiro Tokito
Swordsmith Village Arc,Kotetsu
Hashira Training Arc,Tanjiro Kamado
Hashira Training Arc,Goto
Hashira Training Arc,Zenitsu Agatsuma
Hashira Training Arc,Nezuko Kamado
Hashira Training Arc,Aoi Kanzaki
Hashira Training Arc,Kiyo Terauchi
Hashira Training Arc,Inosuke Hashibira(Flashback)
Hashira Training Arc,Sanemi Shinazugawa
Hashira Training Arc,Obanai Iguro
Hashira Training Arc,Mitsuri Kanroji
Hashira Training Arc,Muichiro Tokito
Hashira Training Arc,Gyomei Himejima
Hashira Training Arc,Shinobu Kocho
Hashira Training Arc,Giyu Tomioka
Hashira Training Arc,Amane Ubuyashiki
Hashira Training Arc,Kiriya Ubuyashiki
Hashira Training Arc,Kanata Ubuyashiki
Hashira Training Arc,Kotetsu
Hashira Training Arc,Muichiro Tokito
Hashira Training Arc,Mitsuri Kanroji
Hashira Training Arc,Shinobu Kocho
Hashira Training Arc,Amane Ubuyashiki
Hashira Training Arc,Sanemi Shinazugawa
Hashira Training Arc,Giyu Tomioka
Hashira Training Arc,Obanai Iguro
Hashira Training Arc,Gyomei Himejima
Hashira Training Arc,Tanjiro Kamado
Hashira Training Arc,Hotaru Haganezuka
Hashira Training Arc,Goto
Hashira Training Arc,Genya Shinazugawa
Hashira Training Arc,Inosuke Hashibira
Hashira Training Arc,Murata
Hashira Training Arc,Giyu Tomioka
Hashira Training Arc,Nezuko Kamado
Hashira Training Arc,Akaza
Hashira Training Arc,Kokushibo
Hashira Training Arc,Doma
Hashira Training Arc,Zenitsu Agatsuma
Hashira Training Arc,Tanjiro Kamado
Hashira Training Arc,Tengen Uzui
Hashira Training Arc,Muichiro Tokito
Hashira Training Arc,Mitsuri Kanroji
Hashira Training Arc,Obanai Iguro
Hashira Training Arc,Sanemi Shinazugawa
Hashira Training Arc,Gyomei Himejima
Hashira Training Arc,Amane Ubuyashiki
Hashira Training Arc,Kagaya Ubuyashiki
Hashira Training Arc,Sabito
Hashira Training Arc,Kyojuro Rengoku
Hashira Training Arc,Shinobu Kocho
Hashira Training Arc,Giyu Tomioka
Hashira Training Arc,Tanjiro Kamado
Hashira Training Arc,Sabito(flashback)
Hashira Training Arc,Makomo(flashback)
Hashira Training Arc,Kyojuro Rengoku(flashback)
Hashira Training Arc,Inosuke Hashibira(flashback)
Hashira Training Arc,Tsutako Tomioka(flashback)
Hashira Training Arc,Shinobu Kocho
Hashira Training Arc,Kanao Tsuyuri
Hashira Training Arc,Tamayo
Hashira Training Arc,Tanjiro Kamado
Hashira Training Arc,Tengen Uzui
Hashira Training Arc,Suma
Hashira Training Arc,Makio
Hashira Training Arc,Hinatsuru
Hashira Training Arc,Muichiro Tokito
Hashira Training Arc,Mitsuri Kanroji
Hashira Training Arc,Obanai Iguro
Hashira Training Arc,Zenitsu Agatsuma
Hashira Training Arc,Sanemi Shinazugawa
Hashira Training Arc,Genya Shinazugawa
Hashira Training Arc,Tanjiro Kamado
Hashira Training Arc,Genya Shinazugawa
Hashira Training Arc,Sanemi Shinazugawa
Hashira Training Arc,Zenitsu Agatsuma
Hashira Training Arc,Inosuke Hashibira
Hashira Training Arc,Gyomei Himejima
Hashira Training Arc,Gyomei Himejima
Hashira Training Arc,Tanjiro Kamado
Hashira Training Arc,Zenitsu Agatsuma
Hashira Training Arc,Murata
Hashira Training Arc,Inosuke Hashibira
Hashira Training Arc,Yoshioka
Hashira Training Arc,Nagakura
Hashira Training Arc,Shimamato
Hashira Training Arc,Noguchi
Hashira Training Arc,Genya Shinazugawa
Hashira Training Arc,Nakime
Hashira Training Arc,Muzan Kibutsuji
Hashira Training Arc,Genya Shinazugawa
Hashira Training Arc,Tanjiro Kamado
Hashira Training Arc,Zenitsu Agatsuma
Hashira Training Arc,Inosuke Hashibira
Hashira Training Arc,Gyomei Himejima
Hashira Training Arc,Sayo
Hashira Training Arc,Kaigaku
Hashira Training Arc,Genya Shinazugawa
Hashira Training Arc,Tanjiro Kamado
Hashira Training Arc,Inosuke Hashibira
Hashira Training Arc,Zenitsu Agatsuma
Hashira Training Arc,Giyu Tomioka
Hashira Training Arc,Sanemi Shinazugawa
Hashira Training Arc,Kagaya Ubuyashiki
Hashira Training Arc,Muzan Kibutsuji
Hashira Training Arc,Kagaya Ubuyashiki
Hashira Training Arc,Muzan Kibutsuji
Hashira Training Arc,Amane Ubuyashiki
Hashira Training Arc,Hinaki Ubuyashiki
Hashira Training Arc,Nichika Ubuyashiki
Hashira Training Arc,Nezuko Kamado(flashback)
Hashira Training Arc,Gyomei Himejima(flashback)
Hashira Training Arc,Sanemi Shinazugawa
Hashira Training Arc,Obanai Iguro
Hashira Training Arc,Mitsuri Kanroji
Hashira Training Arc,Muichiro Tokito
Hashira Training Arc,Shinobu Kocho
Hashira Training Arc,Tanjiro Kamado
Hashira Training Arc,Giyu Tomioka
Hashira Training Arc,Sanemi Shinazugawa
Hashira Training Arc,Mitsuri Kanroji
Hashira Training Arc,Giyu Tomioka
Hashira Training Arc,Gyomei Himejima
Hashira Training Arc,Obanai Iguro
Hashira Training Arc,Shinobu Kocho
Hashira Training Arc,Muichiro Tokito
Hashira Training Arc,Tanjiro Kamado
Hashira Training Arc,Muzan Kibutsuji
Hashira Training Arc,Kagaya Ubuyashiki
Hashira Training Arc,Amane Ubuyashiki
Hashira Training Arc,Hinaki Ubuyashiki
Hashira Training Arc,Nichika Ubuyashiki
Hashira Training Arc,Tamayo
Hashira Training Arc,Kagaya Ubuyashiki
Hashira Training Arc,Amane Ubuyashiki
Hashira Training Arc,Gyomei Himejima
Hashira Training Arc,Muzan Kibutsuji
Hashira Training Arc,Tamayo
Hashira Training Arc,Sanemi Shinazugawa
Hashira Training Arc,Mitsuri Kanroji
Hashira Training Arc,Obanai Iguro
Hashira Training Arc,Giyu Tomioka
Hashira Training Arc,Shinobu Kocho
Hashira Training Arc,Tanjiro Kamado
Hashira Training Arc,Muichiro Tokito
Infinity Castle Arc,Chapter Cover
Infinity Castle Arc,Color Page
Infinity Castle Arc,Kanao Tsuyuri
Infinity Castle Arc,Shinobu Kocho
Infinity Castle Arc,Kanae Kocho(Flashback)
Infinity Castle Arc,Doma
Infinity Castle Arc,Doma
Infinity Castle Arc,Shinobu Kocho
Infinity Castle Arc,Kanae Kocho(Vision)
Infinity Castle Arc,Gyomei Himejima(Flashback)
Infinity Castle Arc,Kanao Tsuyuri(Flashback)
Infinity Castle Arc,Shinobu Kocho
Infinity Castle Arc,Kanae Kocho(Flashback)
Infinity Castle Arc,Gyomei Himejima(Flashback)
Infinity Castle Arc,Doma
Infinity Castle Arc,Tanjiro Kamado(Flashback)
Infinity Castle Arc,Aoi Kanzaki(Flashback)
Infinity Castle Arc,Sumi Nakahara(Flashback)
Infinity Castle Arc,Kiyo Terauchi(Flashback)
Infinity Castle Arc,Naho Takada(Flashback)
Infinity Castle Arc,Kanao Tsuyuri
Infinity Castle Arc,Zenitsu Agatsuma
Infinity Castle Arc,Kaigaku
Infinity Castle Arc,Kiriya Ubuyashiki
Infinity Castle Arc,Kuina Ubuyashiki
Infinity Castle Arc,Kanata Ubuyashiki
Infinity Castle Arc,Tanjiro Kamado
Infinity Castle Arc,Giyu Tomioka
Infinity Castle Arc,Shinobu Kocho(Flashback)
Infinity Castle Arc,Kanao Tsuyuri(Flashback)
Infinity Castle Arc,Aoi Kanzaki(Flashback)
Infinity Castle Arc,Sumi Nakahara(Flashback)
Infinity Castle Arc,Kiyo Terauchi(Flashback)
Infinity Castle Arc,Naho Takada(Flashback)
Infinity Castle Arc,Hinaki Ubuyashiki(Flashback)
Infinity Castle Arc,Nichika Ubuyashiki(Flashback)
Infinity Castle Arc,Kagaya Ubuyashiki(Flashback)
Infinity Castle Arc,Amane Ubuyashiki(Flashback)
Infinity Castle Arc,Zenitsu Agatsuma
Infinity Castle Arc,Kaigaku
Infinity Castle Arc,Jigoro Kuwajima(Flashback)
Infinity Castle Arc,Kokushibo(Flashback)
Infinity Castle Arc,Kaigaku
Infinity Castle Arc,Zenitsu Agatsuma
Infinity Castle Arc,Jigoro Kuwajima(Flashback)
Infinity Castle Arc,Zenitsu Agatsuma
Infinity Castle Arc,Kaigaku
Infinity Castle Arc,Yushiro
Infinity Castle Arc,Jigoro Kuwajima
Infinity Castle Arc,Murata
Infinity Castle Arc,Tanjiro Kamado
Infinity Castle Arc,Giyu Tomioka
Infinity Castle Arc,Akaza
Infinity Castle Arc,Tamayo
Infinity Castle Arc,Kanata Ubuyashiki
Infinity Castle Arc,Kiriya Ubuyashiki
Infinity Castle Arc,Kagaya Ubuyashiki(Flashback)
Infinity Castle Arc,Amane Ubuyashiki(Flashback)
Infinity Castle Arc,Nichika Ubuyashiki(Flashback)
Infinity Castle Arc,Hinaki Ubuyashiki(Flashback)
Infinity Castle Arc,Tengen Uzui
Infinity Castle Arc,Shinjuro Rengoku
Infinity Castle Arc,Kanata Ubuyashiki
Infinity Castle Arc,Sakonji Urokodaki
Infinity Castle Arc,Nezuko Kamado
Infinity Castle Arc,Muzan Kibutsuji(Flashback)
Infinity Castle Arc,Akaza
Infinity Castle Arc,Tanjiro Kamado
Infinity Castle Arc,Giyu Tomioka
Infinity Castle Arc,Tanjiro Kamado
Infinity Castle Arc,Akaza
Infinity Castle Arc,Giyu Tomioka
Infinity Castle Arc,Kyojuro Rengoku(Flashback)
Infinity Castle Arc,Senjuro Rengoku(Flashback)
Infinity Castle Arc,Shinjuro Rengoku(Flashback)
Infinity Castle Arc,Tanjiro Kamado
Infinity Castle Arc,Akaza
Infinity Castle Arc,Keizo
Infinity Castle Arc,Kyojuro Rengoku(Flashback)
Infinity Castle Arc,Yoriichi Tsugikuni
Infinity Castle Arc,Senjuro Rengoku(Image)
Infinity Castle Arc,Giyu Tomioka
Infinity Castle Arc,Giyu Tomioka
Infinity Castle Arc,Akaza
Infinity Castle Arc,Tanjiro Kamado
Infinity Castle Arc,Kyojuro Rengoku(Flashback)
Infinity Castle Arc,Inosuke Hashibira(Flashback)
Infinity Castle Arc,Hisa(Flashback)
Infinity Castle Arc,Tanjuro Kamado(Flashback)
Infinity Castle Arc,Tanjiro Kamado
Infinity Castle Arc,Takeo Kamado(Flashback)
Infinity Castle Arc,Hanako Kamado(Flashback)
Infinity Castle Arc,Shigeru Kamado(Flashback)
Infinity Castle Arc,Kie Kamado(Flashback)
Infinity Castle Arc,Rokuta Kamado(Flashback)
Infinity Castle Arc,Akaza
Infinity Castle Arc,Giyu Tomioka
Infinity Castle Arc,Inosuke Hashibira(Flashback)
Infinity Castle Arc,Akaza
Infinity Castle Arc,Tanjiro Kamado
Infinity Castle Arc,Giyu Tomioka
Infinity Castle Arc,Tanjiro Kamado
Infinity Castle Arc,Akaza
Infinity Castle Arc,Giyu Tomioka
Infinity Castle Arc,Daki(Flashback)
Infinity Castle Arc,Gyutaro(Flashback)
Infinity Castle Arc,Keizo(Flashback)
Infinity Castle Arc,Koyuki(Flashback)
Infinity Castle Arc,Akaza
Infinity Castle Arc,Giyu Tomioka
Infinity Castle Arc,Tanjiro Kamado
Infinity Castle Arc,Sabito(Flashback)
Infinity Castle Arc,Keizo(Flashback)
Infinity Castle Arc,Koyuki(Flashback)
Infinity Castle Arc,Koyuki
Infinity Castle Arc,Hakuji /Akaza
Infinity Castle Arc,Keizo
Infinity Castle Arc,Muzan Kibutsuji
Infinity Castle Arc,Akaza
Infinity Castle Arc,Giyu Tomioka
Infinity Castle Arc,Tanjiro Kamado
Infinity Castle Arc,Akaza's father(In-spirit)
Infinity Castle Arc,Keizo
Infinity Castle Arc,Koyuki
Infinity Castle Arc,Muzan Kibutsuji
Infinity Castle Arc,Akaza's Father(Flashback)
Infinity Castle Arc,Koyuki(Flashback)
Infinity Castle Arc,Keizo(Flashback)
Infinity Castle Arc,Akaza(Flashback)
Infinity Castle Arc,Tanjiro Kamado
Infinity Castle Arc,Giyu Tomioka
Infinity Castle Arc,Kokushibo
Infinity Castle Arc,Doma
Infinity Castle Arc,Kanao Tsuyuri
Infinity Castle Arc,Shinobu Kocho(Flashback)
Infinity Castle Arc,Kanao Tsuyuri
Infinity Castle Arc,Doma
Infinity Castle Arc,Inosuke Hashibira
Infinity Castle Arc,Inosuke Hashibira
Infinity Castle Arc,Doma
Infinity Castle Arc,Kanao Tsuyuri
Infinity Castle Arc,Shinobu Kocho(Flashback)
Infinity Castle Arc,Kanao Tsuyuri
Infinity Castle Arc,Inosuke Hashibira
Infinity Castle Arc,Doma
Infinity Castle Arc,Shinobu Kocho(Flashback)
Infinity Castle Arc,Kotoha Hashibira(Flashback)
Infinity Castle Arc,Doma
Infinity Castle Arc,Inosuke Hashibira
Infinity Castle Arc,Kanao Tsuyuri
Infinity Castle Arc,Shinobu Kocho(Image)
Infinity Castle Arc,Shinobu Kocho
Infinity Castle Arc,Kanao Tsuyuri
Infinity Castle Arc,Doma
Infinity Castle Arc,Inosuke Hashibira
Infinity Castle Arc,Aoi Kanzaki(Flashback)
Infinity Castle Arc,Sumi Nakahara(Flashback)
Infinity Castle Arc,Naho Takada(Flashback)
Infinity Castle Arc,Kiyo Terauchi(Flashback)
Infinity Castle Arc,Kanae Kocho(Flashback)
Infinity Castle Arc,Kanao Tsuyuri
Infinity Castle Arc,Shinobu Kocho(Spirit)
Infinity Castle Arc,Kotoha Hashibira(Flashback)
Infinity Castle Arc,Inosuke Hashibira
Infinity Castle Arc,Doma
Infinity Castle Arc,Muzan Kibutsuji(Flashback)
Infinity Castle Arc,Akaza(Flashback)
Infinity Castle Arc,Tanjiro Kamado(Flashback)
Infinity Castle Arc,Zenitsu Agatsuma(Flashback)
Infinity Castle Arc,Sumi Nakahara(Flashback)
Infinity Castle Arc,Kiyo Terauchi(Flashback)
Infinity Castle Arc,Naho Takada(Flashback)
Infinity Castle Arc,Nezuko Kamado(Flashback)
Infinity Castle Arc,Genya Shinazugawa(Flashback)
Infinity Castle Arc,Tanjiro Kamado
Infinity Castle Arc,Giyu Tomioka
Infinity Castle Arc,Mitsuri Kanroji
Infinity Castle Arc,Nakime
Infinity Castle Arc,Obanai Iguro
Infinity Castle Arc,Muichiro Tokito
Infinity Castle Arc,Gyomei Himejima
Infinity Castle Arc,Kokushibo
Infinity Castle Arc,Kokushibo
Infinity Castle Arc,Muichiro Tokito
Infinity Castle Arc,Kokushibo
Infinity Castle Arc,Muichiro Tokito
Infinity Castle Arc,Genya Shinazugawa
Infinity Castle Arc,Sanemi Shinazugawa
Infinity Castle Arc,Tanjiro Kamado(Flashback)
Infinity Castle Arc,Sanemi Shinazugawa
Infinity Castle Arc,Kokushibo
Infinity Castle Arc,Genya Shinazugawa
Infinity Castle Arc,Muichiro Tokito
Infinity Castle Arc,Kokushibo
Infinity Castle Arc,Sanemi Shinazugawa
Infinity Castle Arc,Shizu Shinazugawa(Flashback)
Infinity Castle Arc,Gyomei Himejima
Infinity Castle Arc,Genya Shinazugawa
Infinity Castle Arc,Masachika Kumeno(Flashback)
Infinity Castle Arc,Kiriya Ubuyashiki(Flashback)
Infinity Castle Arc,Kagaya Ubuyashiki(Flashback)
Infinity Castle Arc,Kanata Ubuyashiki(Flashback)
Infinity Castle Arc,Kanae Kocho(Flashback)
Infinity Castle Arc,Tengen Uzui(Flashback)
Infinity Castle Arc,Amane Ubuyashiki(Flashback)
Infinity Castle Arc,Giyu Tomioka(Flashback)
Infinity Castle Arc,Gyomei Himejima
Infinity Castle Arc,Sanemi Shinazugawa
Infinity Castle Arc,Kokushibo
Infinity Castle Arc,Inosuke Hashibira
Infinity Castle Arc,Kanao Tsuyuri
Infinity Castle Arc,Zenitsu Agatsuma
Infinity Castle Arc,Murata
Infinity Castle Arc,Muichiro Tokito
Infinity Castle Arc,Tengen Uzui(Mentioned)
Infinity Castle Arc,Genya Shinazugawa
Infinity Castle Arc,Kokushibo
Infinity Castle Arc,Gyomei Himejima
Infinity Castle Arc,Sanemi Shinazugawa
Infinity Castle Arc,Genya Shinazugawa
Infinity Castle Arc,Muichiro Tokito
Infinity Castle Arc,Muzan Kibutsuji(Voice)
Infinity Castle Arc,Kokushibo
Infinity Castle Arc,Gyomei Himejima
Infinity Castle Arc,Sanemi Shinazugawa
Infinity Castle Arc,Muichiro Tokito
Infinity Castle Arc,Genya Shinazugawa
Infinity Castle Arc,Sanemi Shinazugawa
Infinity Castle Arc,Gyomei Himejima
Infinity Castle Arc,Kokushibo
Infinity Castle Arc,Kuina Ubuyashiki
Infinity Castle Arc,Kanata Ubuyashiki
Infinity Castle Arc,Kiriya Ubuyashiki
Infinity Castle Arc,Tanjiro Kamado(Flashback)
Infinity Castle Arc,Inosuke Hashibira(Flashback)
Infinity Castle Arc,Kokushibo
Infinity Castle Arc,Gyomei Himejima
Infinity Castle Arc,Sanemi Shinazugawa
Infinity Castle Arc,Muichiro Tokito
Infinity Castle Arc,Genya Shinazugawa
Infinity Castle Arc,Kokushibo
Infinity Castle Arc,Genya Shinazugawa
Infinity Castle Arc,Muichiro Tokito
Infinity Castle Arc,Sanemi Shinazugawa
Infinity Castle Arc,Gyomei Himejima
Infinity Castle Arc,Yoriichi Tsugikuni(Flashback)
Infinity Castle Arc,Chapter Cover
Infinity Castle Arc,Color Page
Infinity Castle Arc,Yoriichi Tsugikuni(Flashback)
Infinity Castle Arc,Kokushibo
Infinity Castle Arc,Gyomei Himejima
Infinity Castle Arc,Sanemi Shinazugawa
Infinity Castle Arc,Muichiro Tokito
Infinity Castle Arc,Genya Shinazugawa
Infinity Castle Arc,Kokushibo / Michikatsu Tsugikuni
Infinity Castle Arc,Yoriichi Tsugikuni
Infinity Castle Arc,Michikatsu and Yoriichi's father
Infinity Castle Arc,Akeno Tsugikuni
Infinity Castle Arc,Yoriichi Tsugikuni
Infinity Castle Arc,Kokushibo
Infinity Castle Arc,Muzan Kibutsuji
Infinity Castle Arc,Muichiro Tokito
Infinity Castle Arc,Gyomei Himejima
Infinity Castle Arc,Tanjiro Kamado(Vision)
Infinity Castle Arc,Gyomei Himejima
Infinity Castle Arc,Sanemi Shinazugawa
Infinity Castle Arc,Genya Shinazugawa
Infinity Castle Arc,Muichiro Tokito
Infinity Castle Arc,Yuichiro Tokito
Infinity Castle Arc,Mitsuri Kanroji(Flashback)
Infinity Castle Arc,Kotetsu(Flashback)
Infinity Castle Arc,Tanjiro Kamado(Flashback)
Infinity Castle Arc,Zenitsu Agatsuma(Flashback)
Infinity Castle Arc,Nezuko Kamado(Flashback)
Infinity Castle Arc,Inosuke Hashibira(Flashback)
Infinity Castle Arc,Kozo Kanamori(Flashback)
Infinity Castle Arc,Hotaru Haganezuka(Flashback)
Infinity Castle Arc,Tanjiro Kamado
Infinity Castle Arc,Giyu Tomioka
Infinity Castle Arc,Genya Shinazugawa(Flashback)
Infinity Castle Arc,Muichiro Tokito(Flashback)
Infinity Castle Arc,Kiriya Ubuyashiki
Infinity Castle Arc,Kuina Ubuyashiki
Infinity Castle Arc,Kanata Ubuyashiki
Infinity Castle Arc,Muzan Kibutsuji
Infinity Castle Arc,Tamayo
Infinity Castle Arc,Yushiro
Infinity Castle Arc,Takeuchi
Infinity Castle Arc,Kiriya Ubuyashiki
Infinity Castle Arc,Kanata Ubuyashiki
Infinity Castle Arc,Kuina Ubuyashiki
Infinity Castle Arc,Kagaya Ubuyashiki
Infinity Castle Arc,Mitsuri Kanroji
Infinity Castle Arc,Obanai Iguro
Infinity Castle Arc,Nakime
Infinity Castle Arc,Muzan Kibutsuji
Infinity Castle Arc,Giyu Tomioka
Infinity Castle Arc,Tanjiro Kamado
Infinity Castle Arc,Kie Kamado(Flashback)
Infinity Castle Arc,Rokuta Kamado(Flashback)
Infinity Castle Arc,Takeo Kamado(Flashback)
Infinity Castle Arc,Shigeru Kamado(Flashback)
Infinity Castle Arc,Hanako Kamado(Flashback)
Infinity Castle Arc,Nezuko Kamado(Flashback)
Infinity Castle Arc,Kyojuro Rengoku(Flashback)
Infinity Castle Arc,Shinobu Kocho(Flashback)
Infinity Castle Arc,Muichiro Tokito(Flashback)
Infinity Castle Arc,Genya Shinazugawa(Flashback)
Infinity Castle Arc,Tanjiro Kamado
Infinity Castle Arc,Muzan Kibutsuji
Infinity Castle Arc,Giyu Tomioka
Infinity Castle Arc,Nakime
Infinity Castle Arc,Obanai Iguro
Infinity Castle Arc,Mitsuri Kanroji
Infinity Castle Arc,Yushiro
Infinity Castle Arc,Kanao Tsuyuri
Infinity Castle Arc,Inosuke Hashibira
Infinity Castle Arc,Zenitsu Agatsuma
Infinity Castle Arc,Murata
Infinity Castle Arc,Mitsuri Kanroji
Infinity Castle Arc,Muzan Kibutsuji
Infinity Castle Arc,Giyu Tomioka
Infinity Castle Arc,Yushiro
Infinity Castle Arc,Nakime
Infinity Castle Arc,Takeuchi
Infinity Castle Arc,Tanjiro Kamado
Infinity Castle Arc,Obanai Iguro
Infinity Castle Arc,Takeuchi
Sunrise Countdown Arc,Tanjiro Kamado
Sunrise Countdown Arc,Kanata Ubuyashiki
Sunrise Countdown Arc,Kiriya Ubuyashiki
Sunrise Countdown Arc,Kuina Ubuyashiki
Sunrise Countdown Arc,Kasugai Crows
Sunrise Countdown Arc,Mitsuri Kanroji
Sunrise Countdown Arc,Obanai Iguro
Sunrise Countdown Arc,Giyu Tomioka
Sunrise Countdown Arc,Muzan Kibutsuji
Sunrise Countdown Arc,Nagakura
Sunrise Countdown Arc,Tanjuro Kamado
Sunrise Countdown Arc,Nezuko Kamado
Sunrise Countdown Arc,Sakonji Urokodaki
Sunrise Countdown Arc,Shinjuro Rengoku
Sunrise Countdown Arc,Tengen Uzui
Sunrise Countdown Arc,Suma
Sunrise Countdown Arc,Kiriya Ubuyashiki
Sunrise Countdown Arc,Kagaya Ubuyashiki
Sunrise Countdown Arc,Kanata Ubuyashiki
Sunrise Countdown Arc,Kuina Ubuyashiki
Sunrise Countdown Arc,Tanjiro Kamado
Sunrise Countdown Arc,Obanai Iguro
Sunrise Countdown Arc,Muzan Kibutsuji
Sunrise Countdown Arc,Giyu Tomioka
Sunrise Countdown Arc,Mitsuri Kanroji
Sunrise Countdown Arc,Gyomei Himejima
Sunrise Countdown Arc,Sanemi Shinazugawa
Sunrise Countdown Arc,Murata
Sunrise Countdown Arc,Sumiyoshi Kamado
Sunrise Countdown Arc,Sumire Kamado
Sunrise Countdown Arc,Yoriichi Tsugikuni
Sunrise Countdown Arc,Murata
Sunrise Countdown Arc,Tanjiro Kamado
Sunrise Countdown Arc,Takeuchi
Sunrise Countdown Arc,Akeno Tsugikuni
Sunrise Countdown Arc,Michikatsu Tsugikuni
Sunrise Countdown Arc,Uta
Sunrise Countdown Arc,Muzan Kibutsuji
Sunrise Countdown Arc,Tamayo
Sunrise Countdown Arc,Muzan Kibutsuji
Sunrise Countdown Arc,Gyomei Himejima
Sunrise Countdown Arc,Obanai Iguro
Sunrise Countdown Arc,Giyu Tomioka
Sunrise Countdown Arc,Sanemi Shinazugawa
Sunrise Countdown Arc,Mitsuri Kanroji
Sunrise Countdown Arc,Serpent Demon
Sunrise Countdown Arc,Shinjuro Rengoku(flashback)
Sunrise Countdown Arc,Goto
Sunrise Countdown Arc,Chachamaru
Sunrise Countdown Arc,Obanai Iguro
Sunrise Countdown Arc,Muzan Kibutsuji
Sunrise Countdown Arc,Giyu Tomioka
Sunrise Countdown Arc,Sanemi Shinazugawa
Sunrise Countdown Arc,Gyomei Himejima
Sunrise Countdown Arc,Tamayo(Image)
Sunrise Countdown Arc,Muichiro Tokito(Image)
Sunrise Countdown Arc,Obanai Iguro
Sunrise Countdown Arc,Muzan Kibutsuji
Sunrise Countdown Arc,Sanemi Shinazugawa
Sunrise Countdown Arc,Mitsuri Kanroji
Sunrise Countdown Arc,Giyu Tomioka
Sunrise Countdown Arc,Gyomei Himejima
Sunrise Countdown Arc,Kanao Tsuyuri
Sunrise Countdown Arc,Zenitsu Agatsuma
Sunrise Countdown Arc,Inosuke Hashibira
Sunrise Countdown Arc,Kasugai Crows
Sunrise Countdown Arc,Tanjiro Kamado
Sunrise Countdown Arc,Yushiro
Sunrise Countdown Arc,Murata
Sunrise Countdown Arc,Takeuchi
Sunrise Countdown Arc,Muzan Kibutsuji
Sunrise Countdown Arc,Giyu Tomioka
Sunrise Countdown Arc,Gyomei Himejima
Sunrise Countdown Arc,Sanemi Shinazugawa
Sunrise Countdown Arc,Zenitsu Agatsuma
Sunrise Countdown Arc,Kanao Tsuyuri
Sunrise Countdown Arc,Inosuke Hashibira
Sunrise Countdown Arc,Obanai Iguro
Sunrise Countdown Arc,Goto
Sunrise Countdown Arc,Aoi Kanzaki(Flashback)
Sunrise Countdown Arc,Naho Takada(Flashback)
Sunrise Countdown Arc,Kiyo Terauchi(Flashback)
Sunrise Countdown Arc,Sumi Nakahara(Flashback)
Sunrise Countdown Arc,Yoriichi Tsugikuni(Image)
Sunrise Countdown Arc,Yoriichi Tsugikuni
Sunrise Countdown Arc,Sumire Kamado
Sunrise Countdown Arc,Tanjiro Kamado
Sunrise Countdown Arc,Suyako Kamado
Sunrise Countdown Arc,Sumiyoshi Kamado
Sunrise Countdown Arc,Muzan Kibutsuji
Sunrise Countdown Arc,Tanjuro Kamado(Memory)
Sunrise Countdown Arc,Chapter Cover
Sunrise Countdown Arc,Color Page
Sunrise Countdown Arc,Chachamaru
Sunrise Countdown Arc,Yushiro
Sunrise Countdown Arc,Murata
Sunrise Countdown Arc,Inosuke Hashibira
Sunrise Countdown Arc,Kanao Tsuyuri
Sunrise Countdown Arc,Goto
Sunrise Countdown Arc,Gyomei Himejima
Sunrise Countdown Arc,Tamayo
Sunrise Countdown Arc,Tanjiro Kamado
Sunrise Countdown Arc,Muzan Kibutsuji
Sunrise Countdown Arc,Obanai Iguro
Sunrise Countdown Arc,Yoriichi Tsugikuni
Sunrise Countdown Arc,Muzan Kibutsuji
Sunrise Countdown Arc,Tanjiro Kamado
Sunrise Countdown Arc,Kasugai Crows
Sunrise Countdown Arc,Obanai Iguro
Sunrise Countdown Arc,Nezuko Kamado
Sunrise Countdown Arc,Nezuko Kamado
Sunrise Countdown Arc,Rokuta Kamado(Flashback)
Sunrise Countdown Arc,Takeo Kamado(Flashback)
Sunrise Countdown Arc,Kie Kamado(Flashback)
Sunrise Countdown Arc,Shigeru Kamado(Flashback)
Sunrise Countdown Arc,Muzan Kibutsuji
Sunrise Countdown Arc,Tanjiro Kamado
Sunrise Countdown Arc,Giyu Tomioka(Flashback)
Sunrise Countdown Arc,Sakonji Urokodaki(Flashback)
Sunrise Countdown Arc,Tamayo
Sunrise Countdown Arc,Yushiro(Flashback)
Sunrise Countdown Arc,Zenitsu Agatsuma(Flashback)
Sunrise Countdown Arc,Inosuke Hashibira(Flashback)
Sunrise Countdown Arc,Kagaya Ubuyashiki(Flashback)
Sunrise Countdown Arc,Sanemi Shinazugawa(Flashback)
Sunrise Countdown Arc,Mitsuri Kanroji(Flashback)
Sunrise Countdown Arc,Kyojuro Rengoku(Flashback)
Sunrise Countdown Arc,Muichiro Tokito(Flashback)
Sunrise Countdown Arc,Shinobu Kocho(Flashback)
Sunrise Countdown Arc,Gyomei Himejima(Flashback)
Sunrise Countdown Arc,Aoi Kanzaki(Flashback)
Sunrise Countdown Arc,Kanao Tsuyuri(Flashback)
Sunrise Countdown Arc,Kiyo Terauchi(Flashback)
Sunrise Countdown Arc,Naho Takada(Flashback)
Sunrise Countdown Arc,Sumi Nakahara(Flashback)
Sunrise Countdown Arc,Obanai Iguro
Sunrise Countdown Arc,Tengen Uzui(Flashback)
Sunrise Countdown Arc,Hinatsuru(Flashback)
Sunrise Countdown Arc,Makio(Flashback)
Sunrise Countdown Arc,Suma(Flashback)
Sunrise Countdown Arc,Tetsutani(Flashback)
Sunrise Countdown Arc,Hotaru Haganezuka(Flashback)
Sunrise Countdown Arc,Kotetsu(Flashback)
Sunrise Countdown Arc,Kozo Kanamori(Flashback)
Sunrise Countdown Arc,Tetsumotonaka(Flashback)
Sunrise Countdown Arc,Genya Shinazugawa(Flashback)
Sunrise Countdown Arc,Tamayo
Sunrise Countdown Arc,Muzan Kibutsuji
Sunrise Countdown Arc,Tanjiro Kamado
Sunrise Countdown Arc,Obanai Iguro
Sunrise Countdown Arc,Kiriya Ubuyashiki
Sunrise Countdown Arc,Kanata Ubuyashiki
Sunrise Countdown Arc,Tengen Uzui
Sunrise Countdown Arc,Shinjuro Rengoku
Sunrise Countdown Arc,Inosuke Hashibira
Sunrise Countdown Arc,Zenitsu Agatsuma
Sunrise Countdown Arc,Gyomei Himejima
Sunrise Countdown Arc,Giyu Tomioka
Sunrise Countdown Arc,Inosuke Hashibira
Sunrise Countdown Arc,Muzan Kibutsuji
Sunrise Countdown Arc,Zenitsu Agatsuma
Sunrise Countdown Arc,Tanjiro Kamado
Sunrise Countdown Arc,Jigoro Kuwajima(Flashback)
Sunrise Countdown Arc,Mitsuri Kanroji
Sunrise Countdown Arc,Sanemi Shinazugawa
Sunrise Countdown Arc,Obanai Iguro
Sunrise Countdown Arc,Tanjiro Kamado
Sunrise Countdown Arc,Obanai Iguro
Sunrise Countdown Arc,Muzan Kibutsuji
Sunrise Countdown Arc,Sanemi Shinazugawa
Sunrise Countdown Arc,Giyu Tomioka
Sunrise Countdown Arc,Kiriya Ubuyashiki
Sunrise Countdown Arc,Kakushi
Sunrise Countdown Arc,Gyomei Himejima
Sunrise Countdown Arc,Kuina Ubuyashiki
Sunrise Countdown Arc,Muzan Kibutsuji
Sunrise Countdown Arc,Kiriya Ubuyashiki
Sunrise Countdown Arc,Kakushi
Sunrise Countdown Arc,Murata
Sunrise Countdown Arc,Gyomei Himejima
Sunrise Countdown Arc,Shinjuro Rengoku
Sunrise Countdown Arc,Kuina Ubuyashiki
Sunrise Countdown Arc,Tengen Uzui
Sunrise Countdown Arc,Mitsuri Kanroji
Sunrise Countdown Arc,Obanai Iguro
Sunrise Countdown Arc,Muichiro Tokito(Flashback)
Sunrise Countdown Arc,Kyojuro Rengoku(Flashback)
Sunrise Countdown Arc,Shinobu Kocho(Flashback)
Sunrise Countdown Arc,Sanemi Shinazugawa
Sunrise Countdown Arc,Genya Shinazugawa(Memory)
Sunrise Countdown Arc,Inosuke Hashibira
Sunrise Countdown Arc,Zenitsu Agatsuma
Sunrise Countdown Arc,Giyu Tomioka
Sunrise Countdown Arc,Tanjiro Kamado
Sunrise Countdown Arc,Nezuko Kamado
Sunrise Countdown Arc,Tanjiro Kamado
Sunrise Countdown Arc,Giyu Tomioka
Sunrise Countdown Arc,Muzan Kibutsuji
Sunrise Countdown Arc,Inosuke Hashibira
Sunrise Countdown Arc,Zenitsu Agatsuma
Sunrise Countdown Arc,Sanemi Shinazugawa
Sunrise Countdown Arc,Kagaya Ubuyashiki(Flashback)
Sunrise Countdown Arc,Nezuko Kamado(Flashback)
Sunrise Countdown Arc,Giyu Tomioka
Sunrise Countdown Arc,Inosuke Hashibira
Sunrise Countdown Arc,Kakushi
Sunrise Countdown Arc,Zenitsu Agatsuma
Sunrise Countdown Arc,Tanjiro Kamado
Sunrise Countdown Arc,Nezuko Kamado
Sunrise Countdown Arc,Yushiro
Sunrise Countdown Arc,Kanao Tsuyuri
Sunrise Countdown Arc,Shinobu Kocho(Memory)
Sunrise Countdown Arc,Kanae Kocho(Memory)
Sunrise Countdown Arc,Tamayo(Memory)
Sunrise Countdown Arc,Nezuko Kamado
Sunrise Countdown Arc,Tanjiro Kamado
Sunrise Countdown Arc,Muzan Kibutsuji
Sunrise Countdown Arc,Kie Kamado
Sunrise Countdown Arc,Tanjuro Kamado
Sunrise Countdown Arc,Shigeru Kamado
Sunrise Countdown Arc,Hanako Kamado
Sunrise Countdown Arc,Rokuta Kamado
Sunrise Countdown Arc,Takeo Kamado
Sunrise Countdown Arc,Shinobu Kocho
Sunrise Countdown Arc,Mitsuri Kanroji
Sunrise Countdown Arc,Obanai Iguro
Sunrise Countdown Arc,Genya Shinazugawa
Sunrise Countdown Arc,Kyojuro Rengoku
Sunrise Countdown Arc,Gyomei Himejima
Sunrise Countdown Arc,Muichiro Tokito
Sunrise Countdown Arc,Murata
Sunrise Countdown Arc,Zenitsu Agatsuma
Sunrise Countdown Arc,Inosuke Hashibira
Sunrise Countdown Arc,Giyu Tomioka
Sunrise Countdown Arc,Kanao Tsuyuri
Sunrise Countdown Arc,Yushiro
Sunrise Countdown Arc,Tanjiro Kamado
Sunrise Countdown Arc,Nezuko Kamado
Sunrise Countdown Arc,Zenitsu Agatsuma
Sunrise Countdown Arc,Inosuke Hashibira
Sunrise Countdown Arc,Yushiro(Memory)
Sunrise Countdown Arc,Chachamaru(Memory)
Sunrise Countdown Arc,Tamayo(Mentioned)
Sunrise Countdown Arc,Giyu Tomioka
Sunrise Countdown Arc,Sanemi Shinazugawa
Sunrise Countdown Arc,Kiriya Ubuyashiki
Sunrise Countdown Arc,Kanata Ubuyashiki
Sunrise Countdown Arc,Kuina Ubuyashiki
Sunrise Countdown Arc,Tengen Uzui
Sunrise Countdown Arc,Makio
Sunrise Countdown Arc,Hinatsuru
Sunrise Countdown Arc,Suma
Sunrise Countdown Arc,Senjuro Rengoku
Sunrise Countdown Arc,Shinjuro Rengoku
Sunrise Countdown Arc,Kyojuro Rengoku(Mentioned)
Sunrise Countdown Arc,Hotaru Haganezuka
Sunrise Countdown Arc,Kozo Kanamori
Sunrise Countdown Arc,Kotetsu
Sunrise Countdown Arc,Kakushi
Sunrise Countdown Arc,Aoi Kanzaki
Sunrise Countdown Arc,Kanao Tsuyuri
Sunrise Countdown Arc,Genya Shinazugawa(Memory)
Sunrise Countdown Arc,Sakonji Urokodaki
Sunrise Countdown Arc,Saburo
Sunrise Countdown Arc,Kanata Kamado
Sunrise Countdown Arc,Sumihiko Kamado
Sunrise Countdown Arc,Yoshiteru Agatsuma
Sunrise Countdown Arc,Toko Agatsuma
Sunrise Countdown Arc,Tenma Uzui(Pictured)
Sunrise Countdown Arc,Aoba Hashibira
Sunrise Countdown Arc,Reincarnation ofYuichiro Tokito
Sunrise Countdown Arc,Reincarnation ofMuichiro Tokito
Sunrise Countdown Arc,Reincarnation ofShinobu Kocho
Sunrise Countdown Arc,Reincarnation ofKanae Kocho
Sunrise Countdown Arc,Descendant ofKozo Kanamori
Sunrise Countdown Arc,Descendant ofKotetsu
Sunrise Countdown Arc,Reincarnation ofGyomei Himejima
Sunrise Countdown Arc,Reincarnation ofMitsuri Kanroji
Sunrise Countdown Arc,Reincarnation ofObanai Iguro
Sunrise Countdown Arc,Reincarnation ofJigoro Kuwajima
Sunrise Countdown Arc,Reincarnation ofSakonji Urokodaki
Sunrise Countdown Arc,Kiriya Ubuyashiki
Sunrise Countdown Arc,Descendant ofSumi Nakahara
Sunrise Countdown Arc,Descendant ofNaho Takada
Sunrise Countdown Arc,Descendant ofKiyo Terauchi
Sunrise Countdown Arc,Descendant ofSanemi Shinazugawa
Sunrise Countdown Arc,Sanehiro Shinazugawa
Sunrise Countdown Arc,Giichi Tomioka
Sunrise Countdown Arc,Reincarnation ofSabito
Sunrise Countdown Arc,Reincarnation ofMakomo
Sunrise Countdown Arc,Tamayo(Painting)
Sunrise Countdown Arc,Descendant ofGoto
Sunrise Countdown Arc,Descendant ofKazumi(Background)
Sunrise Countdown Arc,Reincarnation ofSatoko
Sunrise Countdown Arc,Descendant ofTakeuchi
Sunrise Countdown Arc,Yushiro Yamamoto
Sunrise Countdown Arc,Chachamaru
Sunrise Countdown Arc,Tojuro Rengoku
Sunrise Countdown Arc,Descendant ofMurata
Sunrise Countdown Arc,Sumihiko and Kanata's Mother
Sunrise Countdown Arc,Goto(Photograph)
Sunrise Countdown Arc,Sakonji Urokodaki(Photograph)
Sunrise Countdown Arc,Kozo Kanamori(Photograph)
Sunrise Countdown Arc,Hotaru Haganezuka(Photograph)
Sunrise Countdown Arc,Tengen Uzui(Photograph)
Sunrise Countdown Arc,Suma(Photograph)
Sunrise Countdown Arc,Sanemi Shinazugawa(Photograph)
Sunrise Countdown Arc,Kotetsu(Photograph)
Sunrise Countdown Arc,Makio(Photograph)
Sunrise Countdown Arc,Hinatsuru(Photograph)
Sunrise Countdown Arc,Shinjuro Rengoku(Photograph)
Sunrise Countdown Arc,Takeuchi(Photograph)
Sunrise Countdown Arc,Murata(Photograph)
Sunrise Countdown Arc,Inosuke Hashibira(Photograph)
Sunrise Countdown Arc,Tanjiro Kamado(Photograph)
Sunrise Countdown Arc,Nezuko Kamado(Photograph)
Sunrise Countdown Arc,Zenitsu Agatsuma(Photograph)
Sunrise Countdown Arc,Kanao Tsuyuri(Photograph)
Sunrise Countdown Arc,Aoi Kanzaki(Photograph)
Sunrise Countdown Arc,Senjuro Rengoku(Photograph)
Sunrise Countdown Arc,Giyu Tomioka(Photograph)
Sunrise Countdown Arc,Kanata Ubuyashiki(Photograph)
Sunrise Countdown Arc,Kiriya Ubuyashiki(Photograph)
Sunrise Countdown Arc,Kuina Ubuyashiki(Photograph)
Sunrise Countdown Arc,Naho Takada(Photograph)
Sunrise Countdown Arc,Sumi Nakahara(Photograph)
Sunrise Countdown Arc,Kiyo Terauchi(Photograph)
